{
    "NUM_LooseRelIso_DEN_MediumID": {
        "abseta_pt": {
            "abseta:[1.20,2.10]": {
                "pt:[20.00,25.00]": {
                    "value": 1.0061928087470295, 
                    "error": 0.03103519242400366
                }, 
                "pt:[50.00,60.00]": {
                    "value": 1.0021105885165724, 
                    "error": 0.00402155923819654
                }, 
                "pt:[25.00,30.00]": {
                    "value": 1.0104341128381804, 
                    "error": 0.028650446608218957
                }, 
                "pt:[60.00,120.00]": {
                    "value": 1.0006237123721342, 
                    "error": 0.0029005284337191815
                }, 
                "pt:[30.00,40.00]": {
                    "value": 1.0032540699558903, 
                    "error": 0.012127910774213525
                }, 
                "pt:[40.00,50.00]": {
                    "value": 1.001194316595335, 
                    "error": 0.003554832189559548
                }
            }, 
            "abseta:[2.10,2.40]": {
                "pt:[20.00,25.00]": {
                    "value": 1.0028288389844602, 
                    "error": 0.02330622962370193
                }, 
                "pt:[50.00,60.00]": {
                    "value": 1.0019122502733149, 
                    "error": 0.0038448943595243063
                }, 
                "pt:[25.00,30.00]": {
                    "value": 1.0068210616890025, 
                    "error": 0.020904793863207986
                }, 
                "pt:[60.00,120.00]": {
                    "value": 1.003167175681298, 
                    "error": 0.004552482736725303
                }, 
                "pt:[30.00,40.00]": {
                    "value": 1.0008927491691049, 
                    "error": 0.007990033116142528
                }, 
                "pt:[40.00,50.00]": {
                    "value": 1.0007896732681363, 
                    "error": 0.003048756507510291
                }
            }, 
            "abseta:[0.90,1.20]": {
                "pt:[20.00,25.00]": {
                    "value": 1.0083244585220696, 
                    "error": 0.03895013823336811
                }, 
                "pt:[50.00,60.00]": {
                    "value": 1.0028457355280682, 
                    "error": 0.0054041539687609
                }, 
                "pt:[25.00,30.00]": {
                    "value": 1.0108850403952196, 
                    "error": 0.03551145412441769
                }, 
                "pt:[60.00,120.00]": {
                    "value": 1.0011145294651334, 
                    "error": 0.003668457173058354
                }, 
                "pt:[30.00,40.00]": {
                    "value": 1.0025016527790127, 
                    "error": 0.014366873710272452
                }, 
                "pt:[40.00,50.00]": {
                    "value": 1.0017572681174034, 
                    "error": 0.004313086544321507
                }
            }, 
            "abseta:[0.00,0.90]": {
                "pt:[20.00,25.00]": {
                    "value": 1.0019860462829278, 
                    "error": 0.045632359217644455
                }, 
                "pt:[50.00,60.00]": {
                    "value": 1.0003819276396526, 
                    "error": 0.004048367237842025
                }, 
                "pt:[25.00,30.00]": {
                    "value": 1.0072651366218808, 
                    "error": 0.03267486084499182
                }, 
                "pt:[60.00,120.00]": {
                    "value": 0.9995988689270523, 
                    "error": 0.0024869889303901957
                }, 
                "pt:[30.00,40.00]": {
                    "value": 1.001756424769243, 
                    "error": 0.013612473707874521
                }, 
                "pt:[40.00,50.00]": {
                    "value": 1.0005469373327147, 
                    "error": 0.0036643120481836666
                }
            }
        }
    }
}