{
    "NUM_TrkHighPtID_DEN_TrackerMuons": {
        "abseta_pair_newTuneP_probe_pt": {
            "abseta:[1.20,2.10]": {
                "pair_newTuneP_probe_pt:[20.00,25.00]": {
                    "value": 0.9966350989200172, 
                    "error": 0.002584930397621576
                }, 
                "pair_newTuneP_probe_pt:[30.00,40.00]": {
                    "value": 0.9982998804465453, 
                    "error": 0.0028626840372578954
                }, 
                "pair_newTuneP_probe_pt:[25.00,30.00]": {
                    "value": 0.9970515544173519, 
                    "error": 0.0018899670818134596
                }, 
                "pair_newTuneP_probe_pt:[60.00,120.00]": {
                    "value": 0.9989541216131844, 
                    "error": 0.0013028768003889295
                }, 
                "pair_newTuneP_probe_pt:[40.00,50.00]": {
                    "value": 0.9981884314465163, 
                    "error": 0.001838660258224946
                }, 
                "pair_newTuneP_probe_pt:[50.00,60.00]": {
                    "value": 0.9982625380331672, 
                    "error": 0.0023054234776663956
                }
            }, 
            "abseta:[2.10,2.40]": {
                "pair_newTuneP_probe_pt:[20.00,25.00]": {
                    "value": 0.9966987220240893, 
                    "error": 0.0029184012476731955
                }, 
                "pair_newTuneP_probe_pt:[30.00,40.00]": {
                    "value": 0.9955289293059153, 
                    "error": 0.004144483211778098
                }, 
                "pair_newTuneP_probe_pt:[25.00,30.00]": {
                    "value": 0.9944810332378847, 
                    "error": 0.0031809112496873253
                }, 
                "pair_newTuneP_probe_pt:[60.00,120.00]": {
                    "value": 0.9977683595243108, 
                    "error": 0.00435010968401934
                }, 
                "pair_newTuneP_probe_pt:[40.00,50.00]": {
                    "value": 0.9960692290562589, 
                    "error": 0.00222721761649116
                }, 
                "pair_newTuneP_probe_pt:[50.00,60.00]": {
                    "value": 0.9977204062056594, 
                    "error": 0.0020920467469855157
                }
            }, 
            "abseta:[0.90,1.20]": {
                "pair_newTuneP_probe_pt:[20.00,25.00]": {
                    "value": 0.9971773541630282, 
                    "error": 0.005972418088801607
                }, 
                "pair_newTuneP_probe_pt:[30.00,40.00]": {
                    "value": 0.9956492240639456, 
                    "error": 0.0064073358241820725
                }, 
                "pair_newTuneP_probe_pt:[25.00,30.00]": {
                    "value": 0.9991550403948413, 
                    "error": 0.007904331139654918
                }, 
                "pair_newTuneP_probe_pt:[60.00,120.00]": {
                    "value": 0.9985322057373675, 
                    "error": 0.006802879683937376
                }, 
                "pair_newTuneP_probe_pt:[40.00,50.00]": {
                    "value": 0.9955051582953336, 
                    "error": 0.005647012676294998
                }, 
                "pair_newTuneP_probe_pt:[50.00,60.00]": {
                    "value": 0.9950411114856935, 
                    "error": 0.0056940074658469566
                }
            }, 
            "abseta:[0.00,0.90]": {
                "pair_newTuneP_probe_pt:[20.00,25.00]": {
                    "value": 0.9983560062431573, 
                    "error": 0.01456967451766736
                }, 
                "pair_newTuneP_probe_pt:[30.00,40.00]": {
                    "value": 0.9960263105038726, 
                    "error": 0.011234128208283673
                }, 
                "pair_newTuneP_probe_pt:[25.00,30.00]": {
                    "value": 0.9958425470194904, 
                    "error": 0.012135398689449087
                }, 
                "pair_newTuneP_probe_pt:[60.00,120.00]": {
                    "value": 0.9989263567785357, 
                    "error": 0.011331319266975616
                }, 
                "pair_newTuneP_probe_pt:[40.00,50.00]": {
                    "value": 0.9943616997057234, 
                    "error": 0.010394976587690745
                }, 
                "pair_newTuneP_probe_pt:[50.00,60.00]": {
                    "value": 0.9924414183752683, 
                    "error": 0.011537244804502533
                }
            }
        }
    }
}