{
    "NUM_LooseID_DEN_TrackerMuons": {
        "abseta_pt": {
            "abseta:[1.20,2.10]": {
                "pt:[20.00,25.00]": {
                    "value": 0.9992079776272168, 
                    "error": 0.002398508633923862
                }, 
                "pt:[50.00,60.00]": {
                    "value": 0.9991990315394603, 
                    "error": 0.0005046494633222456
                }, 
                "pt:[25.00,30.00]": {
                    "value": 0.9997457904758243, 
                    "error": 0.002193736043587574
                }, 
                "pt:[60.00,120.00]": {
                    "value": 1.0000594382675267, 
                    "error": 9.401919957630237e-05
                }, 
                "pt:[30.00,40.00]": {
                    "value": 1.0001609420038053, 
                    "error": 0.0011393058386618222
                }, 
                "pt:[40.00,50.00]": {
                    "value": 0.9992794124520777, 
                    "error": 0.00047402417331305767
                }
            }, 
            "abseta:[2.10,2.40]": {
                "pt:[20.00,25.00]": {
                    "value": 1.0008703105186243, 
                    "error": 0.009286379111561667
                }, 
                "pt:[50.00,60.00]": {
                    "value": 0.9979741431263023, 
                    "error": 0.0016463157191897164
                }, 
                "pt:[25.00,30.00]": {
                    "value": 0.9947590160290846, 
                    "error": 0.0040701891662567515
                }, 
                "pt:[60.00,120.00]": {
                    "value": 0.998336295733018, 
                    "error": 0.0016364596291534353
                }, 
                "pt:[30.00,40.00]": {
                    "value": 0.9976034731276512, 
                    "error": 0.002875022298030496
                }, 
                "pt:[40.00,50.00]": {
                    "value": 0.99755309629498, 
                    "error": 0.0015266417309969164
                }
            }, 
            "abseta:[0.90,1.20]": {
                "pt:[20.00,25.00]": {
                    "value": 0.9996357665028064, 
                    "error": 0.0016359453428384245
                }, 
                "pt:[50.00,60.00]": {
                    "value": 0.9998122976593767, 
                    "error": 0.00013581139262465206
                }, 
                "pt:[25.00,30.00]": {
                    "value": 1.0002416945372554, 
                    "error": 0.0009423024920964346
                }, 
                "pt:[60.00,120.00]": {
                    "value": 0.9991436682377572, 
                    "error": 0.0005678290744074505
                }, 
                "pt:[30.00,40.00]": {
                    "value": 0.9989296996372418, 
                    "error": 0.0006575228527874199
                }, 
                "pt:[40.00,50.00]": {
                    "value": 0.9988521655029157, 
                    "error": 0.0006944811229582946
                }
            }, 
            "abseta:[0.00,0.90]": {
                "pt:[20.00,25.00]": {
                    "value": 1.0002446963026614, 
                    "error": 0.0029739909767644047
                }, 
                "pt:[50.00,60.00]": {
                    "value": 1.000278444439267, 
                    "error": 0.00047283778632981955
                }, 
                "pt:[25.00,30.00]": {
                    "value": 1.0001911029150212, 
                    "error": 0.0015709430713498841
                }, 
                "pt:[60.00,120.00]": {
                    "value": 0.9995827775963162, 
                    "error": 0.0004842948118044208
                }, 
                "pt:[30.00,40.00]": {
                    "value": 0.9995406224000379, 
                    "error": 0.0005885512513755274
                }, 
                "pt:[40.00,50.00]": {
                    "value": 0.9994617457356519, 
                    "error": 0.00041128504193938686
                }
            }
        }
    }
}