{
    "NUM_TightID_DEN_TrackerMuons": {
        "abseta_pt": {
            "abseta:[1.20,2.10]": {
                "pt:[20.00,25.00]": {
                    "value": 0.9933156891154871, 
                    "error": 0.006796042601044188
                }, 
                "pt:[50.00,60.00]": {
                    "value": 0.9946354222604471, 
                    "error": 0.005253988018294836
                }, 
                "pt:[25.00,30.00]": {
                    "value": 0.9951590578485447, 
                    "error": 0.005463526114898886
                }, 
                "pt:[60.00,120.00]": {
                    "value": 0.9910138742894492, 
                    "error": 0.006305170661519781
                }, 
                "pt:[30.00,40.00]": {
                    "value": 0.9959321973307645, 
                    "error": 0.005213566586998119
                }, 
                "pt:[40.00,50.00]": {
                    "value": 0.9950619493710628, 
                    "error": 0.004476521919946757
                }
            }, 
            "abseta:[2.10,2.40]": {
                "pt:[20.00,25.00]": {
                    "value": 0.9887572014015955, 
                    "error": 0.014731719686835608
                }, 
                "pt:[50.00,60.00]": {
                    "value": 0.9829483216124795, 
                    "error": 0.014800476314570502
                }, 
                "pt:[25.00,30.00]": {
                    "value": 0.9832602456851348, 
                    "error": 0.0103123593447389
                }, 
                "pt:[60.00,120.00]": {
                    "value": 0.9740801921844034, 
                    "error": 0.015681168132268716
                }, 
                "pt:[30.00,40.00]": {
                    "value": 0.9847915162853825, 
                    "error": 0.012148360261830037
                }, 
                "pt:[40.00,50.00]": {
                    "value": 0.9843096954023582, 
                    "error": 0.011105813412521603
                }
            }, 
            "abseta:[0.90,1.20]": {
                "pt:[20.00,25.00]": {
                    "value": 0.9909176451576116, 
                    "error": 0.010015409210605517
                }, 
                "pt:[50.00,60.00]": {
                    "value": 0.9852925206143984, 
                    "error": 0.009512293402864542
                }, 
                "pt:[25.00,30.00]": {
                    "value": 0.9915510198408612, 
                    "error": 0.011034509325599613
                }, 
                "pt:[60.00,120.00]": {
                    "value": 0.9867977090863143, 
                    "error": 0.013468061265494529
                }, 
                "pt:[30.00,40.00]": {
                    "value": 0.9876851404545303, 
                    "error": 0.009609603648574104
                }, 
                "pt:[40.00,50.00]": {
                    "value": 0.9874489431101046, 
                    "error": 0.009393247513955174
                }
            }, 
            "abseta:[0.00,0.90]": {
                "pt:[20.00,25.00]": {
                    "value": 0.9912006459709357, 
                    "error": 0.019233269064658304
                }, 
                "pt:[50.00,60.00]": {
                    "value": 0.9852254565517636, 
                    "error": 0.01750398083109136
                }, 
                "pt:[25.00,30.00]": {
                    "value": 0.9932326468566394, 
                    "error": 0.017923032807210935
                }, 
                "pt:[60.00,120.00]": {
                    "value": 0.9943091990722874, 
                    "error": 0.018371572500150694
                }, 
                "pt:[30.00,40.00]": {
                    "value": 0.9917322246684223, 
                    "error": 0.016739134123893325
                }, 
                "pt:[40.00,50.00]": {
                    "value": 0.9876621056514948, 
                    "error": 0.016022848934910756
                }
            }
        }
    }
}