{
    "NUM_MediumID_DEN_TrackerMuons": {
        "abseta_pt": {
            "abseta:[1.20,2.10]": {
                "pt:[20.00,25.00]": {
                    "value": 0.9981707733145271, 
                    "error": 0.004359953872686567
                }, 
                "pt:[50.00,60.00]": {
                    "value": 0.997597394109277, 
                    "error": 0.002071196854114786
                }, 
                "pt:[25.00,30.00]": {
                    "value": 0.997654724100862, 
                    "error": 0.0037183282501134637
                }, 
                "pt:[60.00,120.00]": {
                    "value": 0.9984078287475633, 
                    "error": 0.0013164032378745075
                }, 
                "pt:[30.00,40.00]": {
                    "value": 0.9983237211856806, 
                    "error": 0.002355713342956192
                }, 
                "pt:[40.00,50.00]": {
                    "value": 0.9986809033673605, 
                    "error": 0.002009938417671245
                }
            }, 
            "abseta:[2.10,2.40]": {
                "pt:[20.00,25.00]": {
                    "value": 0.9763479255499526, 
                    "error": 0.016000656775329542
                }, 
                "pt:[50.00,60.00]": {
                    "value": 0.985439944493929, 
                    "error": 0.011937304621663541
                }, 
                "pt:[25.00,30.00]": {
                    "value": 0.9778287414491135, 
                    "error": 0.011978751151611289
                }, 
                "pt:[60.00,120.00]": {
                    "value": 0.9848533215856362, 
                    "error": 0.008491102295390152
                }, 
                "pt:[30.00,40.00]": {
                    "value": 0.9787278852857882, 
                    "error": 0.012279853934795502
                }, 
                "pt:[40.00,50.00]": {
                    "value": 0.9814123922115188, 
                    "error": 0.009666731785666445
                }
            }, 
            "abseta:[0.90,1.20]": {
                "pt:[20.00,25.00]": {
                    "value": 1.0000615692907964, 
                    "error": 0.0045967968910391645
                }, 
                "pt:[50.00,60.00]": {
                    "value": 0.9993757215347379, 
                    "error": 0.0019276456949476287
                }, 
                "pt:[25.00,30.00]": {
                    "value": 1.0002357551417662, 
                    "error": 0.0024821436319237156
                }, 
                "pt:[60.00,120.00]": {
                    "value": 0.9982003883098588, 
                    "error": 0.0021236287836802576
                }, 
                "pt:[30.00,40.00]": {
                    "value": 0.996512174688072, 
                    "error": 0.0019835708941015958
                }, 
                "pt:[40.00,50.00]": {
                    "value": 0.9961104904766872, 
                    "error": 0.002085967888577155
                }
            }, 
            "abseta:[0.00,0.90]": {
                "pt:[20.00,25.00]": {
                    "value": 0.9985704345607574, 
                    "error": 0.005921340376539878
                }, 
                "pt:[50.00,60.00]": {
                    "value": 0.9955214982493183, 
                    "error": 0.0035959609631875476
                }, 
                "pt:[25.00,30.00]": {
                    "value": 0.9974897075276461, 
                    "error": 0.004425066210152677
                }, 
                "pt:[60.00,120.00]": {
                    "value": 1.000641921286563, 
                    "error": 0.004732791972068289
                }, 
                "pt:[30.00,40.00]": {
                    "value": 0.9993183378051282, 
                    "error": 0.004054205036333463
                }, 
                "pt:[40.00,50.00]": {
                    "value": 0.99775695356918, 
                    "error": 0.003203532343683928
                }
            }
        }
    }
}