{
    "NUM_LooseRelIso_DEN_TightIDandIPCut": {
        "abseta_pt": {
            "abseta:[1.20,2.10]": {
                "pt:[20.00,25.00]": {
                    "value": 1.0060260371054297, 
                    "error": 0.030903169699842924
                }, 
                "pt:[50.00,60.00]": {
                    "value": 1.0021524200350085, 
                    "error": 0.004064671069700427
                }, 
                "pt:[25.00,30.00]": {
                    "value": 1.0104167464212268, 
                    "error": 0.02859239766751124
                }, 
                "pt:[60.00,120.00]": {
                    "value": 1.000578560452216, 
                    "error": 0.002872640677431518
                }, 
                "pt:[30.00,40.00]": {
                    "value": 1.003393243082575, 
                    "error": 0.01223075902550105
                }, 
                "pt:[40.00,50.00]": {
                    "value": 1.001258374229773, 
                    "error": 0.0035893762725248374
                }
            }, 
            "abseta:[2.10,2.40]": {
                "pt:[20.00,25.00]": {
                    "value": 1.003688159874345, 
                    "error": 0.02383486719107465
                }, 
                "pt:[50.00,60.00]": {
                    "value": 1.0019520369270392, 
                    "error": 0.003870120243057229
                }, 
                "pt:[25.00,30.00]": {
                    "value": 1.0070891556145682, 
                    "error": 0.02112050342834949
                }, 
                "pt:[60.00,120.00]": {
                    "value": 1.003040861129593, 
                    "error": 0.004377630195413776
                }, 
                "pt:[30.00,40.00]": {
                    "value": 1.00059284525765, 
                    "error": 0.0077280562954086815
                }, 
                "pt:[40.00,50.00]": {
                    "value": 1.0006557872647104, 
                    "error": 0.0029725182679230964
                }
            }, 
            "abseta:[0.90,1.20]": {
                "pt:[20.00,25.00]": {
                    "value": 1.007971290243234, 
                    "error": 0.03878652636425117
                }, 
                "pt:[50.00,60.00]": {
                    "value": 1.0026795162138298, 
                    "error": 0.005197881150229273
                }, 
                "pt:[25.00,30.00]": {
                    "value": 1.0093305890979507, 
                    "error": 0.034324430406892655
                }, 
                "pt:[60.00,120.00]": {
                    "value": 1.0010511874814154, 
                    "error": 0.0036412763598619863
                }, 
                "pt:[30.00,40.00]": {
                    "value": 1.0026034811964217, 
                    "error": 0.014485040262042467
                }, 
                "pt:[40.00,50.00]": {
                    "value": 1.0018257520175304, 
                    "error": 0.004259227731105077
                }
            }, 
            "abseta:[0.00,0.90]": {
                "pt:[20.00,25.00]": {
                    "value": 1.0009646326096062, 
                    "error": 0.04177233877586505
                }, 
                "pt:[50.00,60.00]": {
                    "value": 1.0006757559901192, 
                    "error": 0.004254267535036212
                }, 
                "pt:[25.00,30.00]": {
                    "value": 1.0071626261267448, 
                    "error": 0.03253372554085524
                }, 
                "pt:[60.00,120.00]": {
                    "value": 0.9996638791192698, 
                    "error": 0.002665764830524374
                }, 
                "pt:[30.00,40.00]": {
                    "value": 1.001630366935589, 
                    "error": 0.013502495679408942
                }, 
                "pt:[40.00,50.00]": {
                    "value": 1.0005321893346608, 
                    "error": 0.0036457976880465456
                }
            }
        }
    }
}