{
    "NUM_LooseRelTkIso_DEN_TrkHighPtID": {
        "abseta_pair_newTuneP_probe_pt": {
            "abseta:[1.20,2.10]": {
                "pair_newTuneP_probe_pt:[20.00,25.00]": {
                    "value": 1.009926052698119, 
                    "error": 0.04492434874029146
                }, 
                "pair_newTuneP_probe_pt:[30.00,40.00]": {
                    "value": 1.0036389056852086, 
                    "error": 0.017918676404256467
                }, 
                "pair_newTuneP_probe_pt:[25.00,30.00]": {
                    "value": 1.0080686826434306, 
                    "error": 0.03271415177137635
                }, 
                "pair_newTuneP_probe_pt:[60.00,120.00]": {
                    "value": 0.9994557199880794, 
                    "error": 0.0027547329346277174
                }, 
                "pair_newTuneP_probe_pt:[40.00,50.00]": {
                    "value": 1.0012155194889114, 
                    "error": 0.0062378075313623505
                }, 
                "pair_newTuneP_probe_pt:[50.00,60.00]": {
                    "value": 1.0016330008696133, 
                    "error": 0.005557148602175525
                }
            }, 
            "abseta:[2.10,2.40]": {
                "pair_newTuneP_probe_pt:[20.00,25.00]": {
                    "value": 1.0035235661085218, 
                    "error": 0.034534462811187855
                }, 
                "pair_newTuneP_probe_pt:[30.00,40.00]": {
                    "value": 1.0006760835042425, 
                    "error": 0.013344840554397396
                }, 
                "pair_newTuneP_probe_pt:[25.00,30.00]": {
                    "value": 1.008377778846019, 
                    "error": 0.029832571405635184
                }, 
                "pair_newTuneP_probe_pt:[60.00,120.00]": {
                    "value": 1.002237742868708, 
                    "error": 0.004671542732160896
                }, 
                "pair_newTuneP_probe_pt:[40.00,50.00]": {
                    "value": 1.0025252421239208, 
                    "error": 0.006590946802515943
                }, 
                "pair_newTuneP_probe_pt:[50.00,60.00]": {
                    "value": 0.9995983128063232, 
                    "error": 0.005503716904690213
                }
            }, 
            "abseta:[0.90,1.20]": {
                "pair_newTuneP_probe_pt:[20.00,25.00]": {
                    "value": 1.0028342791808202, 
                    "error": 0.04336801676968001
                }, 
                "pair_newTuneP_probe_pt:[30.00,40.00]": {
                    "value": 1.0012746164159128, 
                    "error": 0.01678045810432085
                }, 
                "pair_newTuneP_probe_pt:[25.00,30.00]": {
                    "value": 1.0054850415681411, 
                    "error": 0.03383831895231905
                }, 
                "pair_newTuneP_probe_pt:[60.00,120.00]": {
                    "value": 1.0000396444866688, 
                    "error": 0.004111512170229049
                }, 
                "pair_newTuneP_probe_pt:[40.00,50.00]": {
                    "value": 1.0032418265709093, 
                    "error": 0.00796216172865175
                }, 
                "pair_newTuneP_probe_pt:[50.00,60.00]": {
                    "value": 1.0039869812068967, 
                    "error": 0.00761381146442591
                }
            }, 
            "abseta:[0.00,0.90]": {
                "pair_newTuneP_probe_pt:[20.00,25.00]": {
                    "value": 0.996275855312049, 
                    "error": 0.058087662095304984
                }, 
                "pair_newTuneP_probe_pt:[30.00,40.00]": {
                    "value": 1.0006765296409155, 
                    "error": 0.016993541361426657
                }, 
                "pair_newTuneP_probe_pt:[25.00,30.00]": {
                    "value": 1.0075320194373747, 
                    "error": 0.03881161187108877
                }, 
                "pair_newTuneP_probe_pt:[60.00,120.00]": {
                    "value": 0.9999528948131424, 
                    "error": 0.0032466936778395394
                }, 
                "pair_newTuneP_probe_pt:[40.00,50.00]": {
                    "value": 1.0004629462478285, 
                    "error": 0.0064405923514661255
                }, 
                "pair_newTuneP_probe_pt:[50.00,60.00]": {
                    "value": 1.0016865983601613, 
                    "error": 0.006128085371316791
                }
            }
        }
    }
}