{
    "NUM_TightRelTkIso_DEN_HighPtIDandIPCut": {
        "abseta_pair_newTuneP_probe_pt": {
            "abseta:[1.20,2.10]": {
                "pair_newTuneP_probe_pt:[20.00,25.00]": {
                    "value": 1.0285971880641172, 
                    "error": 0.11382287114557946
                }, 
                "pair_newTuneP_probe_pt:[30.00,40.00]": {
                    "value": 1.007824639188006, 
                    "error": 0.05653936726464156
                }, 
                "pair_newTuneP_probe_pt:[25.00,30.00]": {
                    "value": 1.0155191641233914, 
                    "error": 0.0858804956039861
                }, 
                "pair_newTuneP_probe_pt:[60.00,120.00]": {
                    "value": 1.0026016312799366, 
                    "error": 0.013669951326757735
                }, 
                "pair_newTuneP_probe_pt:[40.00,50.00]": {
                    "value": 1.0080668241104922, 
                    "error": 0.032757225193734564
                }, 
                "pair_newTuneP_probe_pt:[50.00,60.00]": {
                    "value": 1.0087797679949846, 
                    "error": 0.026097710982357816
                }
            }, 
            "abseta:[2.10,2.40]": {
                "pair_newTuneP_probe_pt:[20.00,25.00]": {
                    "value": 1.0087301909062418, 
                    "error": 0.09203764081218765
                }, 
                "pair_newTuneP_probe_pt:[30.00,40.00]": {
                    "value": 1.0099064119950922, 
                    "error": 0.053147103667508584
                }, 
                "pair_newTuneP_probe_pt:[25.00,30.00]": {
                    "value": 1.0202168036188792, 
                    "error": 0.08337578309557733
                }, 
                "pair_newTuneP_probe_pt:[60.00,120.00]": {
                    "value": 1.0066787870594252, 
                    "error": 0.01615302505530451
                }, 
                "pair_newTuneP_probe_pt:[40.00,50.00]": {
                    "value": 1.0093865668324373, 
                    "error": 0.03253432006815817
                }, 
                "pair_newTuneP_probe_pt:[50.00,60.00]": {
                    "value": 1.003979890970706, 
                    "error": 0.020923620898835368
                }
            }, 
            "abseta:[0.90,1.20]": {
                "pair_newTuneP_probe_pt:[20.00,25.00]": {
                    "value": 0.9855229850670992, 
                    "error": 0.09625380168579183
                }, 
                "pair_newTuneP_probe_pt:[30.00,40.00]": {
                    "value": 1.004199401352302, 
                    "error": 0.05538386294839913
                }, 
                "pair_newTuneP_probe_pt:[25.00,30.00]": {
                    "value": 1.0143019240987279, 
                    "error": 0.0904713154422968
                }, 
                "pair_newTuneP_probe_pt:[60.00,120.00]": {
                    "value": 0.9995111162731245, 
                    "error": 0.013353448898064394
                }, 
                "pair_newTuneP_probe_pt:[40.00,50.00]": {
                    "value": 1.0065538524687665, 
                    "error": 0.0329121651919654
                }, 
                "pair_newTuneP_probe_pt:[50.00,60.00]": {
                    "value": 1.0078453024539493, 
                    "error": 0.02646904844532324
                }
            }, 
            "abseta:[0.00,0.90]": {
                "pair_newTuneP_probe_pt:[20.00,25.00]": {
                    "value": 0.9914174117127312, 
                    "error": 0.10251260479081538
                }, 
                "pair_newTuneP_probe_pt:[30.00,40.00]": {
                    "value": 1.0044377541616485, 
                    "error": 0.05385055846136851
                }, 
                "pair_newTuneP_probe_pt:[25.00,30.00]": {
                    "value": 1.014294270475924, 
                    "error": 0.09098067055661659
                }, 
                "pair_newTuneP_probe_pt:[60.00,120.00]": {
                    "value": 1.0003413092625593, 
                    "error": 0.013115925684679418
                }, 
                "pair_newTuneP_probe_pt:[40.00,50.00]": {
                    "value": 1.0010420166747478, 
                    "error": 0.029197921252275643
                }, 
                "pair_newTuneP_probe_pt:[50.00,60.00]": {
                    "value": 1.003337869085992, 
                    "error": 0.023524636563019296
                }
            }
        }
    }
}