{
    "NUM_LooseRelTkIso_DEN_HighPtIDandIPCut": {
        "abseta_pair_newTuneP_probe_pt": {
            "abseta:[1.20,2.10]": {
                "pair_newTuneP_probe_pt:[20.00,25.00]": {
                    "value": 1.0099835396471095, 
                    "error": 0.04935264140989413
                }, 
                "pair_newTuneP_probe_pt:[30.00,40.00]": {
                    "value": 1.0035441927167434, 
                    "error": 0.01780947708035372
                }, 
                "pair_newTuneP_probe_pt:[25.00,30.00]": {
                    "value": 1.008047088991405, 
                    "error": 0.03267758682361061
                }, 
                "pair_newTuneP_probe_pt:[60.00,120.00]": {
                    "value": 0.9994617547333218, 
                    "error": 0.0026577995924606927
                }, 
                "pair_newTuneP_probe_pt:[40.00,50.00]": {
                    "value": 1.001250345443213, 
                    "error": 0.006260510201279233
                }, 
                "pair_newTuneP_probe_pt:[50.00,60.00]": {
                    "value": 1.0021055128823426, 
                    "error": 0.006134650789151778
                }
            }, 
            "abseta:[2.10,2.40]": {
                "pair_newTuneP_probe_pt:[20.00,25.00]": {
                    "value": 1.0029426558745596, 
                    "error": 0.03796549227384133
                }, 
                "pair_newTuneP_probe_pt:[30.00,40.00]": {
                    "value": 1.00042365804897, 
                    "error": 0.013163049665811267
                }, 
                "pair_newTuneP_probe_pt:[25.00,30.00]": {
                    "value": 1.007785818619885, 
                    "error": 0.02922501617170075
                }, 
                "pair_newTuneP_probe_pt:[60.00,120.00]": {
                    "value": 1.002243593089178, 
                    "error": 0.004699344257110707
                }, 
                "pair_newTuneP_probe_pt:[40.00,50.00]": {
                    "value": 1.002608499400644, 
                    "error": 0.006642044117846712
                }, 
                "pair_newTuneP_probe_pt:[50.00,60.00]": {
                    "value": 0.9994637207964148, 
                    "error": 0.005527085880422256
                }
            }, 
            "abseta:[0.90,1.20]": {
                "pair_newTuneP_probe_pt:[20.00,25.00]": {
                    "value": 1.0026009298645258, 
                    "error": 0.04348075250471672
                }, 
                "pair_newTuneP_probe_pt:[30.00,40.00]": {
                    "value": 1.0010767266671823, 
                    "error": 0.016777839165471126
                }, 
                "pair_newTuneP_probe_pt:[25.00,30.00]": {
                    "value": 1.005327364467186, 
                    "error": 0.033765627811600044
                }, 
                "pair_newTuneP_probe_pt:[60.00,120.00]": {
                    "value": 0.999936680258299, 
                    "error": 0.0040725645556408865
                }, 
                "pair_newTuneP_probe_pt:[40.00,50.00]": {
                    "value": 1.003235375872857, 
                    "error": 0.007945166838150006
                }, 
                "pair_newTuneP_probe_pt:[50.00,60.00]": {
                    "value": 1.0044169401688081, 
                    "error": 0.007914131403374393
                }
            }, 
            "abseta:[0.00,0.90]": {
                "pair_newTuneP_probe_pt:[20.00,25.00]": {
                    "value": 0.9955407543998841, 
                    "error": 0.05776295773454855
                }, 
                "pair_newTuneP_probe_pt:[30.00,40.00]": {
                    "value": 1.0005567008248364, 
                    "error": 0.016979424010219662
                }, 
                "pair_newTuneP_probe_pt:[25.00,30.00]": {
                    "value": 1.0076823761511293, 
                    "error": 0.0392110089007858
                }, 
                "pair_newTuneP_probe_pt:[60.00,120.00]": {
                    "value": 1.0003318016819598, 
                    "error": 0.003946807098738176
                }, 
                "pair_newTuneP_probe_pt:[40.00,50.00]": {
                    "value": 1.0004401232446196, 
                    "error": 0.006555614055478349
                }, 
                "pair_newTuneP_probe_pt:[50.00,60.00]": {
                    "value": 1.0016305271974444, 
                    "error": 0.006087831022190227
                }
            }
        }
    }
}