{
    "NUM_MediumPromptID_DEN_TrackerMuons": {
        "abseta_pt": {
            "abseta:[1.20,2.10]": {
                "pt:[20.00,25.00]": {
                    "value": 0.997801187554723, 
                    "error": 0.008018097230440089
                }, 
                "pt:[50.00,60.00]": {
                    "value": 0.9976291850142452, 
                    "error": 0.002895727236738645
                }, 
                "pt:[25.00,30.00]": {
                    "value": 0.9962439486819934, 
                    "error": 0.005126977057648395
                }, 
                "pt:[60.00,120.00]": {
                    "value": 0.9982931804007599, 
                    "error": 0.0016313258880531966
                }, 
                "pt:[30.00,40.00]": {
                    "value": 0.9979921681350113, 
                    "error": 0.003638201713050222
                }, 
                "pt:[40.00,50.00]": {
                    "value": 0.9982509153635313, 
                    "error": 0.0024901747893186607
                }
            }, 
            "abseta:[2.10,2.40]": {
                "pt:[20.00,25.00]": {
                    "value": 0.9748897051465782, 
                    "error": 0.012939978590254668
                }, 
                "pt:[50.00,60.00]": {
                    "value": 0.9820367930801521, 
                    "error": 0.012506187052454184
                }, 
                "pt:[25.00,30.00]": {
                    "value": 0.9751001184954969, 
                    "error": 0.01353991831682196
                }, 
                "pt:[60.00,120.00]": {
                    "value": 0.9850461439604477, 
                    "error": 0.009613290300579617
                }, 
                "pt:[30.00,40.00]": {
                    "value": 0.977878729082355, 
                    "error": 0.013525297878018467
                }, 
                "pt:[40.00,50.00]": {
                    "value": 0.9770650658432427, 
                    "error": 0.011751412529762308
                }
            }, 
            "abseta:[0.90,1.20]": {
                "pt:[20.00,25.00]": {
                    "value": 1.0003284591619146, 
                    "error": 0.009700927432125181
                }, 
                "pt:[50.00,60.00]": {
                    "value": 1.0000036985335135, 
                    "error": 0.002362075817308898
                }, 
                "pt:[25.00,30.00]": {
                    "value": 0.9998333508797235, 
                    "error": 0.003233226803324647
                }, 
                "pt:[60.00,120.00]": {
                    "value": 0.9981598416220206, 
                    "error": 0.002094733544139191
                }, 
                "pt:[30.00,40.00]": {
                    "value": 0.9969297931788784, 
                    "error": 0.002661295367571805
                }, 
                "pt:[40.00,50.00]": {
                    "value": 0.9960419144044964, 
                    "error": 0.002101819874409523
                }
            }, 
            "abseta:[0.00,0.90]": {
                "pt:[20.00,25.00]": {
                    "value": 0.9968571290771784, 
                    "error": 0.008043746058194077
                }, 
                "pt:[50.00,60.00]": {
                    "value": 0.9953203051472465, 
                    "error": 0.003652517175085196
                }, 
                "pt:[25.00,30.00]": {
                    "value": 0.9964240796487711, 
                    "error": 0.005302969266682077
                }, 
                "pt:[60.00,120.00]": {
                    "value": 1.0005607562396752, 
                    "error": 0.0047857140020810965
                }, 
                "pt:[30.00,40.00]": {
                    "value": 0.999410978370087, 
                    "error": 0.004739161668571413
                }, 
                "pt:[40.00,50.00]": {
                    "value": 0.997330630048192, 
                    "error": 0.0033372022018689235
                }
            }
        }
    }
}