{
    "NUM_TightRelIso_DEN_TightIDandIPCut": {
        "abseta_pt": {
            "abseta:[1.20,2.10]": {
                "pt:[20.00,25.00]": {
                    "value": 1.0169648006812901, 
                    "error": 0.07235963014560565
                }, 
                "pt:[50.00,60.00]": {
                    "value": 1.0045488739842154, 
                    "error": 0.010177728167750033
                }, 
                "pt:[25.00,30.00]": {
                    "value": 1.0122469118087258, 
                    "error": 0.05248741194807029
                }, 
                "pt:[60.00,120.00]": {
                    "value": 1.0015289837179635, 
                    "error": 0.0061343207219093495
                }, 
                "pt:[30.00,40.00]": {
                    "value": 1.0068385091928072, 
                    "error": 0.031713864864664994
                }, 
                "pt:[40.00,50.00]": {
                    "value": 1.003185134508028, 
                    "error": 0.011701330621281699
                }
            }, 
            "abseta:[2.10,2.40]": {
                "pt:[20.00,25.00]": {
                    "value": 1.0125806601039897, 
                    "error": 0.05672041362773881
                }, 
                "pt:[50.00,60.00]": {
                    "value": 1.0041250747263861, 
                    "error": 0.009136629271416636
                }, 
                "pt:[25.00,30.00]": {
                    "value": 1.015454749916759, 
                    "error": 0.04860783862917913
                }, 
                "pt:[60.00,120.00]": {
                    "value": 1.0030042799702519, 
                    "error": 0.006926532398681454
                }, 
                "pt:[30.00,40.00]": {
                    "value": 1.002889224258305, 
                    "error": 0.021966281377647633
                }, 
                "pt:[40.00,50.00]": {
                    "value": 1.0030349600048567, 
                    "error": 0.010158388871996835
                }
            }, 
            "abseta:[0.90,1.20]": {
                "pt:[20.00,25.00]": {
                    "value": 1.0065327033488898, 
                    "error": 0.0748824605355252
                }, 
                "pt:[50.00,60.00]": {
                    "value": 1.003879463486289, 
                    "error": 0.011222384213785077
                }, 
                "pt:[25.00,30.00]": {
                    "value": 1.0111669966010783, 
                    "error": 0.060965800158528816
                }, 
                "pt:[60.00,120.00]": {
                    "value": 1.0012609427220858, 
                    "error": 0.007140585134792651
                }, 
                "pt:[30.00,40.00]": {
                    "value": 1.0021190786290899, 
                    "error": 0.03295190540403565
                }, 
                "pt:[40.00,50.00]": {
                    "value": 1.0040473172233826, 
                    "error": 0.014009075322089804
                }
            }, 
            "abseta:[0.00,0.90]": {
                "pt:[20.00,25.00]": {
                    "value": 0.9894907659228238, 
                    "error": 0.07930095577912295
                }, 
                "pt:[50.00,60.00]": {
                    "value": 0.9998127298464168, 
                    "error": 0.009116347699542643
                }, 
                "pt:[25.00,30.00]": {
                    "value": 1.0189242490692767, 
                    "error": 0.07159026104792982
                }, 
                "pt:[60.00,120.00]": {
                    "value": 1.002474971260309, 
                    "error": 0.00789811778481817
                }, 
                "pt:[30.00,40.00]": {
                    "value": 1.0018924657133108, 
                    "error": 0.03245109865001571
                }, 
                "pt:[40.00,50.00]": {
                    "value": 1.000176845235711, 
                    "error": 0.011922063336388363
                }
            }
        }
    }
}