{
    "NUM_LooseRelIso_DEN_LooseID": {
        "abseta_pt": {
            "abseta:[1.20,2.10]": {
                "pt:[20.00,25.00]": {
                    "value": 1.0061696562124074, 
                    "error": 0.03106464006516295
                }, 
                "pt:[50.00,60.00]": {
                    "value": 1.002306813226341, 
                    "error": 0.004372425170786197
                }, 
                "pt:[25.00,30.00]": {
                    "value": 1.010572230284866, 
                    "error": 0.02889812284779396
                }, 
                "pt:[60.00,120.00]": {
                    "value": 1.0005629705657415, 
                    "error": 0.0030599055156818144
                }, 
                "pt:[30.00,40.00]": {
                    "value": 1.0032373496136766, 
                    "error": 0.01222446054673574
                }, 
                "pt:[40.00,50.00]": {
                    "value": 1.001134657631242, 
                    "error": 0.0036890059316064478
                }
            }, 
            "abseta:[2.10,2.40]": {
                "pt:[20.00,25.00]": {
                    "value": 1.0038473030568884, 
                    "error": 0.02410170746611214
                }, 
                "pt:[50.00,60.00]": {
                    "value": 1.0022131567256727, 
                    "error": 0.004185541639043481
                }, 
                "pt:[25.00,30.00]": {
                    "value": 1.0070572683529244, 
                    "error": 0.0212197108709908
                }, 
                "pt:[60.00,120.00]": {
                    "value": 1.0031322677950698, 
                    "error": 0.004502866411993213
                }, 
                "pt:[30.00,40.00]": {
                    "value": 1.0006309619829172, 
                    "error": 0.007889447971897414
                }, 
                "pt:[40.00,50.00]": {
                    "value": 1.0005486682076796, 
                    "error": 0.0029347122051350152
                }
            }, 
            "abseta:[0.90,1.20]": {
                "pt:[20.00,25.00]": {
                    "value": 1.0090488042857644, 
                    "error": 0.03956244700927697
                }, 
                "pt:[50.00,60.00]": {
                    "value": 1.0033450011459806, 
                    "error": 0.006030435507082361
                }, 
                "pt:[25.00,30.00]": {
                    "value": 1.0113058871109044, 
                    "error": 0.03634242676336306
                }, 
                "pt:[60.00,120.00]": {
                    "value": 1.0012920870984166, 
                    "error": 0.0038858000511712587
                }, 
                "pt:[30.00,40.00]": {
                    "value": 1.002317672816706, 
                    "error": 0.014350835352692812
                }, 
                "pt:[40.00,50.00]": {
                    "value": 1.0012516364327564, 
                    "error": 0.0040807303818051616
                }
            }, 
            "abseta:[0.00,0.90]": {
                "pt:[20.00,25.00]": {
                    "value": 1.0026484653506818, 
                    "error": 0.04302937626269109
                }, 
                "pt:[50.00,60.00]": {
                    "value": 1.0002397614265404, 
                    "error": 0.004102869745609909
                }, 
                "pt:[25.00,30.00]": {
                    "value": 1.0074935685558761, 
                    "error": 0.03303383416335979
                }, 
                "pt:[60.00,120.00]": {
                    "value": 0.9997689284609799, 
                    "error": 0.002566231230484051
                }, 
                "pt:[30.00,40.00]": {
                    "value": 1.0018866019524408, 
                    "error": 0.013881480398033837
                }, 
                "pt:[40.00,50.00]": {
                    "value": 1.0006294903569126, 
                    "error": 0.0039305026142710765
                }
            }
        }
    }
}