{
    "NUM_SoftID_DEN_TrackerMuons": {
        "abseta_pt": {
            "abseta:[1.20,2.10]": {
                "pt:[20.00,25.00]": {
                    "value": 0.9974186482130336, 
                    "error": 0.002545252631213758
                }, 
                "pt:[50.00,60.00]": {
                    "value": 0.9984445911091164, 
                    "error": 0.0011225017440889364
                }, 
                "pt:[25.00,30.00]": {
                    "value": 0.999755043045994, 
                    "error": 0.0022815606266444115
                }, 
                "pt:[60.00,120.00]": {
                    "value": 0.9989253972090629, 
                    "error": 0.0006957530381915023
                }, 
                "pt:[30.00,40.00]": {
                    "value": 0.9994103611657299, 
                    "error": 0.0017531137285410996
                }, 
                "pt:[40.00,50.00]": {
                    "value": 0.9996120883401566, 
                    "error": 0.0010951044309610155
                }
            }, 
            "abseta:[2.10,2.40]": {
                "pt:[20.00,25.00]": {
                    "value": 0.9999997331650571, 
                    "error": 0.0033939517469357135
                }, 
                "pt:[50.00,60.00]": {
                    "value": 1.0002016541646994, 
                    "error": 0.0005769428412592985
                }, 
                "pt:[25.00,30.00]": {
                    "value": 0.9976459670676637, 
                    "error": 0.0027025279782542677
                }, 
                "pt:[60.00,120.00]": {
                    "value": 0.999999723375607, 
                    "error": 0.0008987791963927319
                }, 
                "pt:[30.00,40.00]": {
                    "value": 0.9994138558868343, 
                    "error": 0.0012315349988707123
                }, 
                "pt:[40.00,50.00]": {
                    "value": 0.9989285478388737, 
                    "error": 0.0007848056784143017
                }
            }, 
            "abseta:[0.90,1.20]": {
                "pt:[20.00,25.00]": {
                    "value": 0.9989935572275457, 
                    "error": 0.004032197131216259
                }, 
                "pt:[50.00,60.00]": {
                    "value": 0.9990415364003048, 
                    "error": 0.0020654429518976647
                }, 
                "pt:[25.00,30.00]": {
                    "value": 0.9973605313877094, 
                    "error": 0.002208921543588044
                }, 
                "pt:[60.00,120.00]": {
                    "value": 0.99941531037463, 
                    "error": 0.0018226275797801272
                }, 
                "pt:[30.00,40.00]": {
                    "value": 0.9984422879983481, 
                    "error": 0.001911492820744856
                }, 
                "pt:[40.00,50.00]": {
                    "value": 0.9984312743947407, 
                    "error": 0.0015731918493920465
                }
            }, 
            "abseta:[0.00,0.90]": {
                "pt:[20.00,25.00]": {
                    "value": 0.9964638741749189, 
                    "error": 0.0027840511868447806
                }, 
                "pt:[50.00,60.00]": {
                    "value": 0.9979493483337233, 
                    "error": 0.002669762768769183
                }, 
                "pt:[25.00,30.00]": {
                    "value": 0.999568452358267, 
                    "error": 0.002892657322472012
                }, 
                "pt:[60.00,120.00]": {
                    "value": 0.9961700251233295, 
                    "error": 0.0026319890116340452
                }, 
                "pt:[30.00,40.00]": {
                    "value": 0.9988000213481971, 
                    "error": 0.0023613920166125606
                }, 
                "pt:[40.00,50.00]": {
                    "value": 0.9969141810768745, 
                    "error": 0.002134728509392882
                }
            }
        }
    }
}