{
    "NUM_TightRelTkIso_DEN_TrkHighPtID": {
        "abseta_pair_newTuneP_probe_pt": {
            "abseta:[1.20,2.10]": {
                "pair_newTuneP_probe_pt:[20.00,25.00]": {
                    "value": 1.0282933309895597, 
                    "error": 0.11357329187794084
                }, 
                "pair_newTuneP_probe_pt:[30.00,40.00]": {
                    "value": 1.007767328217047, 
                    "error": 0.056539101875922135
                }, 
                "pair_newTuneP_probe_pt:[25.00,30.00]": {
                    "value": 1.015700632307547, 
                    "error": 0.09240203561927991
                }, 
                "pair_newTuneP_probe_pt:[60.00,120.00]": {
                    "value": 1.002626082509007, 
                    "error": 0.013683175052658526
                }, 
                "pair_newTuneP_probe_pt:[40.00,50.00]": {
                    "value": 1.0080626132186148, 
                    "error": 0.03276117801033833
                }, 
                "pair_newTuneP_probe_pt:[50.00,60.00]": {
                    "value": 1.0088268108346452, 
                    "error": 0.026148264022751205
                }
            }, 
            "abseta:[2.10,2.40]": {
                "pair_newTuneP_probe_pt:[20.00,25.00]": {
                    "value": 1.0094489565616303, 
                    "error": 0.09263579773492711
                }, 
                "pair_newTuneP_probe_pt:[30.00,40.00]": {
                    "value": 1.0102662962567326, 
                    "error": 0.05351119457043611
                }, 
                "pair_newTuneP_probe_pt:[25.00,30.00]": {
                    "value": 1.0207349946905424, 
                    "error": 0.08411841469854998
                }, 
                "pair_newTuneP_probe_pt:[60.00,120.00]": {
                    "value": 1.006824371915001, 
                    "error": 0.016409505242066882
                }, 
                "pair_newTuneP_probe_pt:[40.00,50.00]": {
                    "value": 1.0090491320554182, 
                    "error": 0.03233439540800943
                }, 
                "pair_newTuneP_probe_pt:[50.00,60.00]": {
                    "value": 1.0043181307558442, 
                    "error": 0.02113600597955242
                }
            }, 
            "abseta:[0.90,1.20]": {
                "pair_newTuneP_probe_pt:[20.00,25.00]": {
                    "value": 0.986274124831708, 
                    "error": 0.09609164149767457
                }, 
                "pair_newTuneP_probe_pt:[30.00,40.00]": {
                    "value": 1.0045980114411481, 
                    "error": 0.05574003756193775
                }, 
                "pair_newTuneP_probe_pt:[25.00,30.00]": {
                    "value": 1.0145078702828443, 
                    "error": 0.09066022393105275
                }, 
                "pair_newTuneP_probe_pt:[60.00,120.00]": {
                    "value": 0.9997847013002253, 
                    "error": 0.013435931584372098
                }, 
                "pair_newTuneP_probe_pt:[40.00,50.00]": {
                    "value": 1.0065231357034596, 
                    "error": 0.03280080473064303
                }, 
                "pair_newTuneP_probe_pt:[50.00,60.00]": {
                    "value": 1.0076092313154164, 
                    "error": 0.026307622968009464
                }
            }, 
            "abseta:[0.00,0.90]": {
                "pair_newTuneP_probe_pt:[20.00,25.00]": {
                    "value": 0.9923533608558699, 
                    "error": 0.10284431962133238
                }, 
                "pair_newTuneP_probe_pt:[30.00,40.00]": {
                    "value": 1.004598530523079, 
                    "error": 0.05398021274230926
                }, 
                "pair_newTuneP_probe_pt:[25.00,30.00]": {
                    "value": 1.014540915900897, 
                    "error": 0.09098502683408849
                }, 
                "pair_newTuneP_probe_pt:[60.00,120.00]": {
                    "value": 0.9999083132971404, 
                    "error": 0.012830184947374285
                }, 
                "pair_newTuneP_probe_pt:[40.00,50.00]": {
                    "value": 1.001261405410132, 
                    "error": 0.029315566540388308
                }, 
                "pair_newTuneP_probe_pt:[50.00,60.00]": {
                    "value": 1.0031481817478771, 
                    "error": 0.02335748665403021
                }
            }
        }
    }
}