{
    "NUM_TightRelIso_DEN_MediumID": {
        "abseta_pt": {
            "abseta:[1.20,2.10]": {
                "pt:[20.00,25.00]": {
                    "value": 1.0170292867515804, 
                    "error": 0.07246525173643717
                }, 
                "pt:[50.00,60.00]": {
                    "value": 1.0045472555917982, 
                    "error": 0.010171624925835721
                }, 
                "pt:[25.00,30.00]": {
                    "value": 1.012276688786197, 
                    "error": 0.05258595396573813
                }, 
                "pt:[60.00,120.00]": {
                    "value": 1.0016654379497978, 
                    "error": 0.006284508932906558
                }, 
                "pt:[30.00,40.00]": {
                    "value": 1.006717468727014, 
                    "error": 0.031639672157549474
                }, 
                "pt:[40.00,50.00]": {
                    "value": 1.0031429085149537, 
                    "error": 0.01168817302392754
                }
            }, 
            "abseta:[2.10,2.40]": {
                "pt:[20.00,25.00]": {
                    "value": 1.0127969649151036, 
                    "error": 0.0569346549064954
                }, 
                "pt:[50.00,60.00]": {
                    "value": 1.004043198958938, 
                    "error": 0.009010889538090852
                }, 
                "pt:[25.00,30.00]": {
                    "value": 1.0138498897512451, 
                    "error": 0.04749756001677728
                }, 
                "pt:[60.00,120.00]": {
                    "value": 1.0031423295798405, 
                    "error": 0.007090938937697425
                }, 
                "pt:[30.00,40.00]": {
                    "value": 1.0031071801329365, 
                    "error": 0.0221902894861461
                }, 
                "pt:[40.00,50.00]": {
                    "value": 1.0029996339740037, 
                    "error": 0.010102307015995024
                }
            }, 
            "abseta:[0.90,1.20]": {
                "pt:[20.00,25.00]": {
                    "value": 1.0061621082515075, 
                    "error": 0.07435626498413851
                }, 
                "pt:[50.00,60.00]": {
                    "value": 1.003789234122086, 
                    "error": 0.011259333740687287
                }, 
                "pt:[25.00,30.00]": {
                    "value": 1.0124774204472649, 
                    "error": 0.06200439219325276
                }, 
                "pt:[60.00,120.00]": {
                    "value": 1.0015445159310306, 
                    "error": 0.00743442602928258
                }, 
                "pt:[30.00,40.00]": {
                    "value": 1.002007923208973, 
                    "error": 0.03287580119348887
                }, 
                "pt:[40.00,50.00]": {
                    "value": 1.00396342154007, 
                    "error": 0.014036435557630959
                }
            }, 
            "abseta:[0.00,0.90]": {
                "pt:[20.00,25.00]": {
                    "value": 0.9902011389241945, 
                    "error": 0.07953818431346309
                }, 
                "pt:[50.00,60.00]": {
                    "value": 0.9996989161429356, 
                    "error": 0.009057858007830507
                }, 
                "pt:[25.00,30.00]": {
                    "value": 1.018689538143405, 
                    "error": 0.07134617698924266
                }, 
                "pt:[60.00,120.00]": {
                    "value": 1.00208168658889, 
                    "error": 0.007597967474005438
                }, 
                "pt:[30.00,40.00]": {
                    "value": 1.001919474594119, 
                    "error": 0.03254503812287117
                }, 
                "pt:[40.00,50.00]": {
                    "value": 1.0001280454813248, 
                    "error": 0.01194358574898106
                }
            }
        }
    }
}