{
    "NUM_HighPtID_DEN_TrackerMuons": {
        "abseta_pair_newTuneP_probe_pt": {
            "abseta:[1.20,2.10]": {
                "pair_newTuneP_probe_pt:[20.00,25.00]": {
                    "value": 0.9954343983376094, 
                    "error": 0.005928758228341463
                }, 
                "pair_newTuneP_probe_pt:[30.00,40.00]": {
                    "value": 0.9971161435804688, 
                    "error": 0.0032524672209845937
                }, 
                "pair_newTuneP_probe_pt:[25.00,30.00]": {
                    "value": 0.9959921307052315, 
                    "error": 0.0024818660714545273
                }, 
                "pair_newTuneP_probe_pt:[60.00,120.00]": {
                    "value": 0.9961389709324873, 
                    "error": 0.0022307339626075123
                }, 
                "pair_newTuneP_probe_pt:[40.00,50.00]": {
                    "value": 0.9962533241337589, 
                    "error": 0.002136280522882793
                }, 
                "pair_newTuneP_probe_pt:[50.00,60.00]": {
                    "value": 0.9973898652068397, 
                    "error": 0.0026786372122307796
                }
            }, 
            "abseta:[2.10,2.40]": {
                "pair_newTuneP_probe_pt:[20.00,25.00]": {
                    "value": 0.9923378389213167, 
                    "error": 0.005104856545785719
                }, 
                "pair_newTuneP_probe_pt:[30.00,40.00]": {
                    "value": 0.9873973281218171, 
                    "error": 0.0066192449412234315
                }, 
                "pair_newTuneP_probe_pt:[25.00,30.00]": {
                    "value": 0.9879559745526041, 
                    "error": 0.007026163488667611
                }, 
                "pair_newTuneP_probe_pt:[60.00,120.00]": {
                    "value": 0.9858741259804705, 
                    "error": 0.007405198101250985
                }, 
                "pair_newTuneP_probe_pt:[40.00,50.00]": {
                    "value": 0.9885106992860356, 
                    "error": 0.006189462060460138
                }, 
                "pair_newTuneP_probe_pt:[50.00,60.00]": {
                    "value": 0.9894301592004576, 
                    "error": 0.007907424072728776
                }
            }, 
            "abseta:[0.90,1.20]": {
                "pair_newTuneP_probe_pt:[20.00,25.00]": {
                    "value": 0.9939256763157123, 
                    "error": 0.00889126813814432
                }, 
                "pair_newTuneP_probe_pt:[30.00,40.00]": {
                    "value": 0.990493470126981, 
                    "error": 0.007782129860230033
                }, 
                "pair_newTuneP_probe_pt:[25.00,30.00]": {
                    "value": 0.9971526808543677, 
                    "error": 0.008195857487951375
                }, 
                "pair_newTuneP_probe_pt:[60.00,120.00]": {
                    "value": 0.9943359002737435, 
                    "error": 0.009435135190107939
                }, 
                "pair_newTuneP_probe_pt:[40.00,50.00]": {
                    "value": 0.9905326555474582, 
                    "error": 0.007493446602184182
                }, 
                "pair_newTuneP_probe_pt:[50.00,60.00]": {
                    "value": 0.9889543604098755, 
                    "error": 0.007675891260965136
                }
            }, 
            "abseta:[0.00,0.90]": {
                "pair_newTuneP_probe_pt:[20.00,25.00]": {
                    "value": 0.9906365551352531, 
                    "error": 0.015634773001301228
                }, 
                "pair_newTuneP_probe_pt:[30.00,40.00]": {
                    "value": 0.9923401741938395, 
                    "error": 0.01587120194352618
                }, 
                "pair_newTuneP_probe_pt:[25.00,30.00]": {
                    "value": 0.9946547035973166, 
                    "error": 0.017300996086348337
                }, 
                "pair_newTuneP_probe_pt:[60.00,120.00]": {
                    "value": 0.9939825401459511, 
                    "error": 0.01688962684914466
                }, 
                "pair_newTuneP_probe_pt:[40.00,50.00]": {
                    "value": 0.9894693445683171, 
                    "error": 0.01544985716033208
                }, 
                "pair_newTuneP_probe_pt:[50.00,60.00]": {
                    "value": 0.9863900334305281, 
                    "error": 0.016321270822260897
                }
            }
        }
    }
}